<step title="BackgroundTrace" date="2026-01-04T14:31:36.073" instance="0b9e3e" url="/api/zipdeploy" method="POST" >
  <step title="Creating temporary deployment - FetchDeploymentManager" date="2026-01-04T14:31:36.311" /><!-- duration: 5ms -->
  <step title="Creating temporary deployment" date="2026-01-04T14:31:36.325" /><!-- duration: 110ms -->
  <step title="Performing fetch based deployment" date="2026-01-04T14:31:36.544" >
    <step title="Cleaning up temp folders from previous zip deployments and extracting pushed zip file /tmp/zipdeploy/8c2d8444-f214-4bc8-a748-98abe7a20840.zip (0.00 MB) to /tmp/zipdeploy/extracted" date="2026-01-04T14:31:37.789" >
      <step title="ChmodRecursive Process exited with total time taken in ms: 119" date="2026-01-04T14:31:37.949" /><!-- duration: 18ms -->
    </step><!-- duration: 184ms -->
    <step title="Deployment timer started" date="2026-01-04T14:31:40.018" >
      <step title="DeploymentManager.Deploy(id:d4e3a61a-236a-4c69-aac1-7396b9633cf2)" date="2026-01-04T14:31:40.036" >
        <step title="Collecting changeset information" date="2026-01-04T14:31:40.071" /><!-- duration: 137ms -->
        <step title="Updating submodules" date="2026-01-04T14:31:40.219" /><!-- duration: 1175ms -->
        <step title="Determining deployment builder" date="2026-01-04T14:31:41.702" >
          <step title="Builder is BasicBuilder" date="2026-01-04T14:31:41.729" /><!-- duration: 7ms -->
        </step><!-- duration: 48ms -->
        <step title="PreDeployment: context.CleanOutputPath False" date="2026-01-04T14:31:41.859" >
          <step title="PreDeployment: context.OutputPath /home/site/wwwroot" date="2026-01-04T14:31:42.044" >
            <step title="Building" date="2026-01-04T14:31:42.256" >
              <step title="Executing external process" date="2026-01-04T14:31:42.721" type="process" path="starter.sh" arguments="/opt/Kudu/Scripts/parallel_rsync.sh /tmp/zipdeploy/extracted /home/site/wwwroot 8 /tmp/ False True  " /><!-- duration: 2049ms -->
              <step title="Triggering recycle (preview mode disabled)." date="2026-01-04T14:31:45.172" /><!-- duration: 16ms -->
              <step title="Modified file to trigger a restart of the app container." date="2026-01-04T14:31:45.226" /><!-- duration: 6ms -->
              <step title="Skip function trigger and logicapp sync because function is not enabled." date="2026-01-04T14:31:45.242" /><!-- duration: 6ms -->
            </step><!-- duration: 3897ms -->
          </step><!-- duration: 4128ms -->
          <step title="Cleaning up temp files" date="2026-01-04T14:31:46.187" /><!-- duration: 17ms -->
          <step title="Cleaning up temp files" date="2026-01-04T14:31:46.211" /><!-- duration: 508ms -->
          <step title="Reloading status file with latest updates" date="2026-01-04T14:31:46.776" >
            <step title="WebHooksManager.PublishEventAsync: PostDeployment" date="2026-01-04T14:31:46.792" /><!-- duration: 112ms -->
          </step><!-- duration: 134ms -->
          <step title="Cleaning up temporary deployment - fetch deployment was successful" date="2026-01-04T14:31:46.920" /><!-- duration: 6ms -->
        </step><!-- duration: 5195ms -->
      </step><!-- duration: 7063ms -->
