<step title="Incoming Request" date="2026-01-04T14:31:34.781" instance="0b9e3e" url="/api/zipdeploy?isAsync=true" method="POST" type="request" pid="831,1,5" Accept="*/*" Host="alkademi-ai-app.scm.azurewebsites.net" User-Agent="AZURECLI/2.80.0 (MSI)" Accept-Encoding="gzip, deflate" Authorization="Bea..." Cache-Control="no-cache" Content-Type="application/octet-stream" Content-Length="1315" x-ms-client-request-id="f0c40723-e979-11f0-951d-00155d37e938" x-ms-artifact-checksum="81c88261c2c89ace321210f5870c8f1c40f9e3bf8aaeed47834aa1211bbfe002" X-ARR-LOG-ID="f0c40723-e979-11f0-951d-00155d37e938" CLIENT-IP="180.242.58.114:2878" X-SITE-DEPLOYMENT-ID="alkademi-ai-app" WAS-DEFAULT-HOSTNAME="alkademi-ai-app.scm.azurewebsites.net" X-Forwarded-Proto="https" X-AppService-Proto="https" X-Forwarded-TlsVersion="1.3" X-WAWS-Unencoded-URL="/api/zipdeploy?isAsync=true" X-Client-IP="180.242.58.114" X-Client-Port="2878" >
  <step title="ZipPushDeploy" date="2026-01-04T14:31:35.895" >
    <step title="ZipDeploy. Extract zip." date="2026-01-04T14:31:35.919" /><!-- duration: 6ms -->
    <step title="None repository commit" date="2026-01-04T14:31:35.937" >
      <step title="Commit id: d4e3a61a-236a-4c69-aac1-7396b9633cf2" date="2026-01-04T14:31:35.943" Message="N/A" AuthorName="N/A" AuthorEmail="N/A" /><!-- duration: 15ms -->
    </step><!-- duration: 28ms -->
    <step title="Starting PushDeployAsync" date="2026-01-04T14:31:35.971" /><!-- duration: 11ms -->
    <step title="Writing artifact to /tmp/zipdeploy/8c2d8444-f214-4bc8-a748-98abe7a20840.zip" date="2026-01-04T14:31:36.016" >
      <step title="Writing multipart request body to /tmp/zipdeploy/8c2d8444-f214-4bc8-a748-98abe7a20840.zip" date="2026-01-04T14:31:36.023" /><!-- duration: 6ms -->
    </step><!-- duration: 30ms -->
    <step title="Start deployment in the background" date="2026-01-04T14:31:36.066" >
      <step title="Acquiring Deployment Lock" date="2026-01-04T14:31:36.239" /><!-- duration: 6ms -->
      <step title="Acquired Deployment Lock" date="2026-01-04T14:31:36.298" /><!-- duration: 6ms -->
    </step><!-- duration: 377ms -->
  </step><!-- duration: 558ms -->
  <step title="Outgoing response" date="2026-01-04T14:31:36.482" type="response" statusCode="202" statusText="Accepted" /><!-- duration: 17ms -->
</step><!-- duration: 1732ms -->
