<step title="Incoming Request" date="2026-01-04T15:16:48.971" instance="d65e79" url="/api/publish?type=zip" method="POST" type="request" pid="831,1,17" Accept="*/*" Host="alkademi-ai-app.scm.azurewebsites.net" User-Agent="AZURECLI/2.80.0 (MSI)" Accept-Encoding="gzip, deflate" Authorization="Bea..." Cache-Control="no-cache" Content-Type="application/octet-stream" Cookie="ARRAffinity=d65e799a04a06f57e92b1447a8f16ea78614af8dc4c9923223fb8c8da3c0b1c8; ARRAffinitySameSite=d65e799a04a06f57e92b1447a8f16ea78614af8dc4c9923223fb8c8da3c0b1c8" Content-Length="1315" x-ms-client-request-id="58164299-e980-11f0-9b2b-00155d37e938" x-ms-artifact-checksum="81c88261c2c89ace321210f5870c8f1c40f9e3bf8aaeed47834aa1211bbfe002" X-ARR-LOG-ID="58164299-e980-11f0-9b2b-00155d37e938" CLIENT-IP="180.242.58.114:16413" X-SITE-DEPLOYMENT-ID="alkademi-ai-app" WAS-DEFAULT-HOSTNAME="alkademi-ai-app.scm.azurewebsites.net" X-Forwarded-Proto="https" X-AppService-Proto="https" X-Forwarded-TlsVersion="1.3" X-WAWS-Unencoded-URL="/api/publish?type=zip" X-Client-IP="180.242.58.114" X-Client-Port="16413" >
  <step title="Cleanup Xml Logs" date="2026-01-04T15:16:48.974" /><!-- duration: 6ms -->
  <step title="OneDeploy" date="2026-01-04T15:16:49.042" >
    <step title="None repository commit" date="2026-01-04T15:16:49.053" >
      <step title="Commit id: 0da977ed-34b8-443e-9a20-f7e6f70f261a" date="2026-01-04T15:16:49.057" Message="N/A" AuthorName="N/A" AuthorEmail="N/A" /><!-- duration: 4ms -->
    </step><!-- duration: 13ms -->
    <step title="Starting PushDeployAsync" date="2026-01-04T15:16:49.071" /><!-- duration: 6ms -->
    <step title="Writing artifact to /tmp/zipdeploy/3bde1635-55c2-4b2f-8367-06ba8c29399a.zip" date="2026-01-04T15:16:49.096" >
      <step title="Writing multipart request body to /tmp/zipdeploy/3bde1635-55c2-4b2f-8367-06ba8c29399a.zip" date="2026-01-04T15:16:49.102" /><!-- duration: 8ms -->
    </step><!-- duration: 35ms -->
    <step title="Attempting to fetch target branch HEAD" date="2026-01-04T15:16:49.145" /><!-- duration: 4ms -->
    <step title="Acquiring Deployment Lock" date="2026-01-04T15:16:49.154" /><!-- duration: 6ms -->
    <step title="Acquired Deployment Lock" date="2026-01-04T15:16:49.192" /><!-- duration: 7ms -->
    <step title="Performing fetch based deployment" date="2026-01-04T15:16:49.208" >
      <step title="Creating temporary deployment" date="2026-01-04T15:16:49.219" /><!-- duration: 65ms -->
      <step title="Releasing Deployment Lock" date="2026-01-04T15:16:50.471" /><!-- duration: 6ms -->
      <step title="Cleaning up temp folders from previous zip deployments and extracting pushed zip file /tmp/zipdeploy/3bde1635-55c2-4b2f-8367-06ba8c29399a.zip (0.00 MB) to /tmp/zipdeploy/extracted" date="2026-01-04T15:16:50.510" >
        <step title="ChmodRecursive Process exited with total time taken in ms: 30" date="2026-01-04T15:16:50.550" /><!-- duration: 41ms -->
      </step><!-- duration: 86ms -->
      <step title="None repository commit" date="2026-01-04T15:16:50.601" >
        <step title="Commit id: 0da977ed-34b8-443e-9a20-f7e6f70f261a" date="2026-01-04T15:16:50.606" Message="OneDeploy" AuthorName="N/A" AuthorEmail="N/A" /><!-- duration: 4ms -->
      </step><!-- duration: 14ms -->
      <step title="Deployment timer started" date="2026-01-04T15:16:52.620" >
        <step title="DeploymentManager.Deploy(id:0da977ed-34b8-443e-9a20-f7e6f70f261a)" date="2026-01-04T15:16:52.627" >
          <step title="Collecting changeset information" date="2026-01-04T15:16:52.651" /><!-- duration: 82ms -->
          <step title="Updating submodules" date="2026-01-04T15:16:52.738" /><!-- duration: 1182ms -->
          <step title="Determining deployment builder" date="2026-01-04T15:16:54.172" >
            <step title="Builder is OneDeployBuilder" date="2026-01-04T15:16:54.192" /><!-- duration: 4ms -->
          </step><!-- duration: 28ms -->
          <step title="PreDeployment: context.CleanOutputPath False" date="2026-01-04T15:16:54.258" >
            <step title="PreDeployment: context.OutputPath /home/site/wwwroot" date="2026-01-04T15:16:54.389" >
              <step title="Building" date="2026-01-04T15:16:54.536" >
                <step title="Executing external process" date="2026-01-04T15:16:55.097" type="process" path="starter.sh" arguments="/opt/Kudu/Scripts/parallel_rsync.sh /tmp/zipdeploy/extracted /home/site/wwwroot 8 /tmp/ False False  " /><!-- duration: 1003ms -->
                <step title="Modified file to trigger a restart of the app container." date="2026-01-04T15:16:56.558" /><!-- duration: 4ms -->
                <step title="Skip function trigger and logicapp sync because function is not enabled." date="2026-01-04T15:16:56.566" /><!-- duration: 4ms -->
              </step><!-- duration: 2764ms -->
            </step><!-- duration: 2917ms -->
            <step title="Cleaning up temp files" date="2026-01-04T15:16:57.310" /><!-- duration: 4ms -->
            <step title="Cleaning up temp files" date="2026-01-04T15:16:57.318" /><!-- duration: 506ms -->
            <step title="Reloading status file with latest updates" date="2026-01-04T15:16:57.876" >
              <step title="WebHooksManager.PublishEventAsync: PostDeployment" date="2026-01-04T15:16:57.885" /><!-- duration: 48ms -->
            </step><!-- duration: 60ms -->
            <step title="Cleaning up temporary deployment - fetch deployment was successful" date="2026-01-04T15:16:57.943" /><!-- duration: 4ms -->
          </step><!-- duration: 3778ms -->
        </step><!-- duration: 5415ms -->
        <step title="Outgoing response" date="2026-01-04T15:16:58.050" type="response" statusCode="200" statusText="OK" /><!-- duration: 4ms -->
      </step><!-- duration: 5438ms -->
