﻿<?xml version="1.0" encoding="utf-8"?>
<deployment>
  <id>d4e3a61a-236a-4c69-aac1-7396b9633cf2</id>
  <author>N/A</author>
  <deployer>Push-Deployer</deployer>
  <authorEmail>N/A</authorEmail>
  <message>Created via a push deployment</message>
  <progress></progress>
  <status>Success</status>
  <statusText></statusText>
  <lastSuccessEndTime>2026-01-04T14:31:45.7094858Z</lastSuccessEndTime>
  <receivedTime>2026-01-04T14:31:40.1211059Z</receivedTime>
  <startTime>2026-01-04T14:31:41.6212294Z</startTime>
  <endTime>2026-01-04T14:31:45.7094858Z</endTime>
  <complete>True</complete>
  <is_temp>False</is_temp>
  <is_readonly>True</is_readonly>
  <buildSummary />
</deployment>