﻿<?xml version="1.0" encoding="utf-8"?>
<deployment>
  <id>0da977ed-34b8-443e-9a20-f7e6f70f261a</id>
  <author>N/A</author>
  <deployer>OneDeploy</deployer>
  <authorEmail>N/A</authorEmail>
  <message>OneDeploy</message>
  <progress></progress>
  <status>Success</status>
  <statusText></statusText>
  <lastSuccessEndTime>2026-01-04T15:16:56.932985Z</lastSuccessEndTime>
  <receivedTime>2026-01-04T15:16:52.6757181Z</receivedTime>
  <startTime>2026-01-04T15:16:54.0975381Z</startTime>
  <endTime>2026-01-04T15:16:56.932985Z</endTime>
  <complete>True</complete>
  <is_temp>False</is_temp>
  <is_readonly>True</is_readonly>
  <buildSummary />
</deployment>